Handle,Title,Body (HTML),Do not UPLOAD,Plating,Tags,Stone,Size,Variant Price,Category,Vendor
E-S0326925 Sterling Silver,E-S0326,925 Sterling Silver Earring height measures: 11mm Opal diameter measures: 3mm 14k gold                 1 micron                  ,925 Sterling Silver,14k gold                 1 micron                  ,"925 Sterling Silver, Nov3Upload",opal,Earring height measures: 11mm Opal diameter measures: 3mm,28,Earrings,Gemnel
B-R5111925 Sterling Silver,B-R5111,925 Sterling Silver Length: 20cm+5cm 14k gold                 1 micron                  ,925 Sterling Silver,14k gold                 1 micron                  ,"925 Sterling Silver, Nov3Upload",White Zircon,Length: 20cm+5cm,28,Bracelet,Gemnel
E-S5180925 Sterling Silver,E-S5180,925 Sterling Silver Length: 0.5 Inches 14k gold                 1 micron                  ,925 Sterling Silver,14k gold                 1 micron                  ,"925 Sterling Silver, Nov3Upload",opal               zircon,Length: 0.5 Inches,24,Earrings,Gemnel
E-S3329925 Sterling Silver,E-S3329,925 Sterling Silver Length:13mm 14k gold                 1 micron                  ,925 Sterling Silver,14k gold                 1 micron                  ,"925 Sterling Silver, Nov3Upload",opal                    zircon,Length:13mm,24,Earrings,Gemnel
E-S1027925 Sterling Silver,E-S1027,925 Sterling Silver 5mm Opal 14k gold                 1 micron                  ,925 Sterling Silver,14k gold                 1 micron                  ,"925 Sterling Silver, Nov3Upload",opal                    zircon,5mm Opal,26,Earrings,Gemnel
B-R2032925 Sterling Silver,B-R2032,"925 Sterling Silver  Length 18.7mm 14k gold                 1 micron                  ",925 Sterling Silver,14k gold                 1 micron                  ,"925 Sterling Silver, Nov3Upload",opal               zircon," Length 18.7mm",35,Bracelet,Gemnel
N-E5147925 Sterling Silver,N-E5147,925 Sterling Silver 40cm+5cm 14k gold                 1 micron                  ,925 Sterling Silver,14k gold                 1 micron                  ,"925 Sterling Silver, Nov3Upload",opal                    zircon,40cm+5cm,38,Necklace,Gemnel
E-S11118925 Sterling Silver,E-S11118,925 Sterling Silver Stud diameter 4.5mm 14k gold                 1 micron                  ,925 Sterling Silver,14k gold                 1 micron                  ,"925 Sterling Silver, Nov3Upload",opal                    zircon,Stud diameter 4.5mm,24,Earrings,Gemnel
E-H4133925 Sterling Silver,E-H4133,"925 Sterling Silver  Hoop outer diameter: 12.5mm. Oval pendant: 6 x 8mm. Freshwater Pearl: approx. 2.5mm 14k gold                 1 micron                  ",925 Sterling Silver,14k gold                 1 micron                  ,"925 Sterling Silver, Nov3Upload",shell pearl," Hoop outer diameter: 12.5mm. Oval pendant: 6 x 8mm. Freshwater Pearl: approx. 2.5mm",28,Earrings,Gemnel
N-C1145925 Sterling Silver,N-C1145,"925 Sterling Silver Eye 5*12mm, Opal 2.5mm     Length:40cm+5cm 14k gold                 1 micron                  ",925 Sterling Silver,14k gold                 1 micron                  ,"925 Sterling Silver, Nov3Upload",opal                    zircon,"Eye 5*12mm, Opal 2.5mm     Length:40cm+5cm",34,Necklace,Gemnel
E-S2714925 Sterling Silver,E-S2714,925 Sterling Silver wide 12mm 14k gold                 1 micron                  ,925 Sterling Silver,14k gold                 1 micron                  ,"925 Sterling Silver, Nov3Upload",opal                    zircon,wide 12mm,28,Earrings,Gemnel
E-H3096925 Sterling Silver,E-H3096,"925 Sterling Silver Inner Dia:8mm,Band:1.2mm 14k gold                 1 micron                  ",925 Sterling Silver,14k gold                 1 micron                  ,"925 Sterling Silver, Nov3Upload",opal,"Inner Dia:8mm,Band:1.2mm",32,Earrings,Gemnel
E-H1150925 Sterling Silver,E-H1150,925 Sterling Silver  Diameter 10mm 14k gold                 1 micron                  ,925 Sterling Silver,14k gold                 1 micron                  ,"925 Sterling Silver, Nov3Upload",opal                     zircon, Diameter 10mm,34,Earrings,Gemnel
E-S4220925 Sterling Silver,E-S4220,925 Sterling Silver 4x2mm opal / 2mm zircon  14k gold                 1 micron                  ,925 Sterling Silver,14k gold                 1 micron                  ,"925 Sterling Silver, Nov3Upload",opal                    zircon,4x2mm opal / 2mm zircon ,24,Earrings,Gemnel
R-F1072925 Sterling Silver,R-F1072,"925 Sterling Silver  4mm Opal                          size 6                               14k gold                 1 micron                  ",925 Sterling Silver,14k gold                 1 micron                  ,"925 Sterling Silver, Nov3Upload",opal                     zircon," 4mm Opal                          size 6                              ",26,Ring,Gemnel
N-E2722925 Sterling Silver,N-E2722,925 Sterling Silver 12mm  14k gold                 1 micron                  ,925 Sterling Silver,14k gold                 1 micron                  ,"925 Sterling Silver, Nov3Upload",opal                    zircon,12mm ,42,Ring,Gemnel
E-D4122925 Sterling Silver,E-D4122,"925 Sterling Silver  4x2mm opal/  2mm zircon/ 10mm inner diameter 14k gold                 1 micron                  ",925 Sterling Silver,14k gold                 1 micron                  ,"925 Sterling Silver, Nov3Upload",opal                     zircon," 4x2mm opal/  2mm zircon/ 10mm inner diameter",29,Earrings,Gemnel
N-E0079925 Sterling Silver,N-E0079,925 Sterling Silver 2 cm long  14k gold                 1 micron                  ,925 Sterling Silver,14k gold                 1 micron                  ,"925 Sterling Silver, Nov3Upload",opal                    zircon,2 cm long ,42,,Gemnel
B-R5065925 Sterling Silver,B-R5065,"925 Sterling Silver  Lock Measurements: 1.3 x 0.8 cm                                      Length: 16cm+4cm 14k gold                 1 micron                  ",925 Sterling Silver,14k gold                 1 micron                  ,"925 Sterling Silver, Nov3Upload",White Zircon," Lock Measurements: 1.3 x 0.8 cm                                      Length: 16cm+4cm",39,Bracelet,Gemnel
N-E5164925 Sterling Silver,N-E5164,925 Sterling Silver Chain Length: 40+5 cm 14k gold                 1 micron                  ,925 Sterling Silver,14k gold                 1 micron                  ,"925 Sterling Silver, Nov3Upload",/,Chain Length: 40+5 cm,36,Necklace,Gemnel
N-E2195925 Sterling Silver,N-E2195,925 Sterling Silver Length:40cm+5cm 14k gold                 1 micron                  ,925 Sterling Silver,14k gold                 1 micron                  ,"925 Sterling Silver, Nov3Upload",opal,Length:40cm+5cm,36,Necklace,Gemnel
R-F3097925 Sterling Silver,R-F3097,925 Sterling Silver / 14k gold                 1 micron                  ,925 Sterling Silver,14k gold                 1 micron                  ,"925 Sterling Silver, Nov3Upload",/,/,26,Ring,Gemnel
N-E1134925 Sterling Silver,N-E1134,925 Sterling Silver 5mm Opal                           Flat Chain: 40+5cm 14k gold                 1 micron                  ,925 Sterling Silver,14k gold                 1 micron                  ,"925 Sterling Silver, Nov3Upload",opal                    zircon,5mm Opal                           Flat Chain: 40+5cm,39,Earrings,Gemnel
E-S2709925 Sterling Silver,E-S2709,925 Sterling Silver 12mm*15mm 14k gold                 1 micron                  ,925 Sterling Silver,14k gold                 1 micron                  ,"925 Sterling Silver, Nov3Upload",opal,12mm*15mm,39,Earrings,Gemnel
E-D3056925 Sterling Silver,E-D3056,925 Sterling Silver Opal:3mm 14k gold                 1 micron                  ,925 Sterling Silver,14k gold                 1 micron                  ,"925 Sterling Silver, Nov3Upload",opal              freshwater pearl,Opal:3mm,32,Earrings,Gemnel
E-S4080925 Sterling Silver,E-S4080,925 Sterling Silver / 14k gold                 1 micron                  ,925 Sterling Silver,14k gold                 1 micron                  ,"925 Sterling Silver, Nov3Upload",opal,/,26,Ring,Gemnel
B-R3004925 Sterling Silver,B-R3004,925 Sterling Silver Length: 16cm+4cm 14k gold                 1 micron                  ,925 Sterling Silver,14k gold                 1 micron                  ,"925 Sterling Silver, Nov3Upload",/,Length: 16cm+4cm,36,Bracelet,Gemnel
R-F3125925 Sterling Silver,R-F3125,925 Sterling Silver / 14k gold                 1 micron                  ,925 Sterling Silver,14k gold                 1 micron                  ,"925 Sterling Silver, Nov3Upload",/,/,26,Ring,Gemnel
N-E4067925 Sterling Silver,N-E4067,925 Sterling Silver Chain: 40+5cm  14k gold                 1 micron                  ,925 Sterling Silver,14k gold                 1 micron                  ,"925 Sterling Silver, Nov3Upload",opal                 zircon,Chain: 40+5cm ,39,Necklace,Gemnel
R-F3222925 Sterling Silver,R-F3222,925 Sterling Silver Opal:2mm                   size5/6/7                               15pcs for each size platinum                 1 micron                  ,925 Sterling Silver,platinum                 1 micron                  ,"925 Sterling Silver, Nov3Upload",opal                 ,Opal:2mm                   size5/6/7                               15pcs for each size,26,Ring,Gemnel
R-F1315925 Sterling Silver,R-F1315,925 Sterling Silver Band 1.2mm                      size5/6/7                               15pcs for each size 14k gold                 1 micron                  ,925 Sterling Silver,14k gold                 1 micron                  ,"925 Sterling Silver, Nov3Upload",opal             zircon,Band 1.2mm                      size5/6/7                               15pcs for each size,29,Ring,Gemnel
N-E4188925 Sterling Silver,N-E4188,925 Sterling Silver 12 x 6mm opal                      Chain: 40+5cm  14k gold                 1 micron                  ,925 Sterling Silver,14k gold                 1 micron                  ,"925 Sterling Silver, Nov3Upload",opal,12 x 6mm opal                      Chain: 40+5cm ,39,Necklace,Gemnel
N-E4187925 Sterling Silver,N-E4187,925 Sterling Silver Opal 2.5mm / Zircon 1.5 mm                                    Chain: 40+5cm  14k gold                 1 micron                  ,925 Sterling Silver,14k gold                 1 micron                  ,"925 Sterling Silver, Nov3Upload",opal                 zircon,Opal 2.5mm / Zircon 1.5 mm                                    Chain: 40+5cm ,36,Necklace,Gemnel
R-F5131925 Sterling Silver,R-F5131,925 Sterling Silver SIZE 6  14k gold                 1 micron                  ,925 Sterling Silver,14k gold                 1 micron                  ,"925 Sterling Silver, Nov3Upload",/,SIZE 6 ,38,Ring,Gemnel
E-H3168925 Sterling Silver,E-H3168,925 Sterling Silver Dia: 43mm 14k gold                 1 micron                  ,925 Sterling Silver,14k gold                 1 micron                  ,"925 Sterling Silver, Nov3Upload",opal,Dia: 43mm,42,Ring,Gemnel
N-E1175925 Sterling Silver,N-E1175,925 Sterling Silver Chain: 40+5cm 14k gold                 1 micron                  ,925 Sterling Silver,14k gold                 1 micron                  ,"925 Sterling Silver, Nov3Upload",opal                    zircon,Chain: 40+5cm,38,Necklace,Gemnel
"N-E2240925 Sterling Silver","N-E2240","925 Sterling Silver  6mm charm                   Length:40cm+5cm 14k gold                 1 micron                  ",925 Sterling Silver,14k gold                 1 micron                  ,"925 Sterling Silver, Nov3Upload",opal                    zircon," 6mm charm                   Length:40cm+5cm",39,Necklace,Gemnel
"N-E2240925 Sterling Silver","N-E2240","925 Sterling Silver  6mm charm                   Length:40cm+5cm 14k gold                 1 micron                  ",925 Sterling Silver,14k gold                 1 micron                  ,"925 Sterling Silver, Nov3Upload",opal                    zircon," 6mm charm                   Length:40cm+5cm",42,Earrings,Gemnel
R-F3045925 Sterling Silver,R-F3045,925 Sterling Silver / 14k gold                 1 micron                  ,925 Sterling Silver,14k gold                 1 micron                  ,"925 Sterling Silver, Nov3Upload",Zircon                      (#32 sapphire blue)     (#21 white)                (#16 D-Peridot)         (#3 Rose) ,/,24,Ring,Gemnel
R-F11166925 Sterling Silver,R-F11166,925 Sterling Silver Thickness 2.5mm                   size5/6/7                               15pcs for each size 14k gold                 1 micron                  ,925 Sterling Silver,14k gold                 1 micron                  ,"925 Sterling Silver, Nov3Upload",opal                    zircon,Thickness 2.5mm                   size5/6/7                               15pcs for each size,26,Ring,Gemnel
N-E1148925 Sterling Silver,N-E1148,"925 Sterling Silver  Dogtag: 15*20mm                Chain Length: 40+5 cm 14k gold                 1 micron                  ",925 Sterling Silver,14k gold                 1 micron                  ,"925 Sterling Silver, Nov3Upload",/," Dogtag: 15*20mm                Chain Length: 40+5 cm",42,Necklace,Gemnel
E-S3275925 Sterling Silver,E-S3275,925 Sterling Silver Length:13mm 14k gold                 1 micron                  ,925 Sterling Silver,14k gold                 1 micron                  ,"925 Sterling Silver, Nov3Upload",opal                    zircon,Length:13mm,28,Earrings,Gemnel
R-F0136925 Sterling Silver,R-F0136,925 Sterling Silver size5/6/7                               15pcs for each size 14k gold                 1 micron                  ,925 Sterling Silver,14k gold                 1 micron                  ,"925 Sterling Silver, Nov3Upload",opal                    zircon,size5/6/7                               15pcs for each size,24,Ring,Gemnel
N-E5284925 Sterling Silver,N-E5284,925 Sterling Silver Charm 1.4 x 1.1 cm 14k gold                 1 micron                  ,925 Sterling Silver,14k gold                 1 micron                  ,"925 Sterling Silver, Nov3Upload",Malachite,Charm 1.4 x 1.1 cm,45,,Gemnel
N-E5283925 Sterling Silver,N-E5283,925 Sterling Silver Charm 1.4 x 1.1 cm 14k gold                 1 micron                  ,925 Sterling Silver,14k gold                 1 micron                  ,"925 Sterling Silver, Nov3Upload",Mother of Pearl,Charm 1.4 x 1.1 cm,45,,Gemnel
R-F1271925 Sterling Silver,R-F1271,925 Sterling Silver size5/6/7                               20pcs for each size 14k gold                 1 micron                  ,925 Sterling Silver,14k gold                 1 micron                  ,"925 Sterling Silver, Nov3Upload",/,size5/6/7                               20pcs for each size,28,Ring,Gemnel
N-E5144925 Sterling Silver,N-E5144,925 Sterling Silver 1 1/8in total drop            Charm 3/4in by 1/2in 14k gold                 1 micron                  ,925 Sterling Silver,14k gold                 1 micron                  ,"925 Sterling Silver, Nov3Upload",/,1 1/8in total drop            Charm 3/4in by 1/2in,42,,Gemnel
E-S5283925 Sterling Silver,E-S5283,925 Sterling Silver / 14k gold                 1 micron                  ,925 Sterling Silver,14k gold                 1 micron                  ,"925 Sterling Silver, Nov3Upload",White Zircon,/,22,Earrings,Gemnel
E-S5277925 Sterling Silver,E-S5277,925 Sterling Silver / 14k gold                 1 micron                  ,925 Sterling Silver,14k gold                 1 micron                  ,"925 Sterling Silver, Nov3Upload",/,/,20,Ring,Gemnel
E-S5194925 Sterling Silver,E-S5194,925 Sterling Silver Stone part:16mm Length:16cm+4cm 14k gold 1 micron,925 Sterling Silver,14k gold 1 micron,"925 Sterling Silver, Nov3Upload",White Zircon,Stone part:16mm Length:16cm+4cm,34,Earrings,Gemnel
"E-H1069-2925 Sterling Silver","E-H1069-2",925 Sterling Silver Inner Dia:8mm 14k gold 1 micron,925 Sterling Silver,14k gold 1 micron,"925 Sterling Silver, Nov3Upload",Turquoise,Inner Dia:8mm,29,Earrings,Gemnel
E-H1071925 Sterling Silver,E-H1071,925 Sterling Silver Baguette 2*4mm 14k gold 1 micron,925 Sterling Silver,14k gold 1 micron,"925 Sterling Silver, Nov3Upload",Zircon (#5 Ruby),Baguette 2*4mm,22,Earrings,Gemnel
E-H1357925 Sterling Silver,E-H1357,925 Sterling Silver Baguette 2*4mm 14k gold 1 micron,925 Sterling Silver,14k gold 1 micron,"925 Sterling Silver, Nov3Upload",Turquoise,Baguette 2*4mm,22,Earrings,Gemnel
E-S5233925 Sterling Silver,E-S5233,925 Sterling Silver Length: 40cm+5cm 14k gold 1 micron,925 Sterling Silver,14k gold 1 micron,"925 Sterling Silver, Nov3Upload",/,Length: 40cm+5cm,39,Earrings,Gemnel
N-E3077925 Sterling Silver,N-E3077,925 Sterling Silver / 14k gold 1 micron,925 Sterling Silver,14k gold 1 micron,"925 Sterling Silver, Nov3Upload",/,/,29,Necklace,Gemnel
N-E3077925 Sterling Silver,N-E3077,925 Sterling Silver Pendant diameter: 12 mm Length: 16cm+4cm 14k gold 1 micron,925 Sterling Silver,14k gold 1 micron,"925 Sterling Silver, Nov3Upload",/,Pendant diameter: 12 mm Length: 16cm+4cm,29,Necklace,Gemnel
N-E3206925 Sterling Silver,N-E3206,925 Sterling Silver Size:8*13mm 14k gold 1 micron,925 Sterling Silver,14k gold 1 micron,"925 Sterling Silver, Nov3Upload",/,Size:8*13mm,35,Earrings,Gemnel
E-H1062925 Sterling Silver,E-H1062,"925 Sterling Silver Diameter 13mm and Starburst 11.5mm 14k gold 1 micron",925 Sterling Silver,14k gold 1 micron,"925 Sterling Silver, Nov3Upload",opal zircon,"Diameter 13mm and Starburst 11.5mm",36,Earrings,Gemnel
E-H1135925 Sterling Silver,E-H1135,925 Sterling Silver Starburst 11.5mm 14k gold 1 micron,925 Sterling Silver,14k gold 1 micron,"925 Sterling Silver, Nov3Upload",opal zircon,Starburst 11.5mm,32,Earrings,Gemnel
E-S5232925 Sterling Silver,E-S5232,925 Sterling Silver 7mm x 6mm Curved top 14k gold 1 micron,925 Sterling Silver,14k gold 1 micron,"925 Sterling Silver, Nov3Upload",opal zircon,7mm x 6mm Curved top,28,Earrings,Gemnel
E-S11060925 Sterling Silver,E-S11060,925 Sterling Silver eye 4.25 x 6.5mm 14k gold 1 micron,925 Sterling Silver,14k gold 1 micron,"925 Sterling Silver, Nov3Upload",opal zircon,eye 4.25 x 6.5mm,32,Earrings,Gemnel
R-F0135925 Sterling Silver,R-F0135,925 Sterling Silver size5/6/7 15pcs for each size 14k gold 1 micron,925 Sterling Silver,14k gold 1 micron,"925 Sterling Silver, Nov3Upload",opal,size5/6/7 15pcs for each size,28,Ring,Gemnel
R-F1102925 Sterling Silver,R-F1102,925 Sterling Silver 4mm Opal size5/6/7 15pcs for each size 14k gold 1 micron,925 Sterling Silver,14k gold 1 micron,"925 Sterling Silver, Nov3Upload",opal zircon,4mm Opal size5/6/7 15pcs for each size,29,Ring,Gemnel
E-ST1030925 Sterling Silver,E-ST1030,925 Sterling Silver 7.5mm 14k gold 1 micron,925 Sterling Silver,14k gold 1 micron,"925 Sterling Silver, Nov3Upload",opal zircon,7.5mm,45,Earrings,Gemnel
E-D4087925 Sterling Silver,E-D4087,"925 Sterling Silver 25mm chain drop/ stud：7.8*3.8mm 14k gold 1 micron",925 Sterling Silver,14k gold 1 micron,"925 Sterling Silver, Nov3Upload",opal zircon,"25mm chain drop/ stud：7.8*3.8mm",32,Earrings,Gemnel
E-S1013925 Sterling Silver,E-S1013,925 Sterling Silver Opal 2.5mm 14k gold 1 micron,925 Sterling Silver,14k gold 1 micron,"925 Sterling Silver, Nov3Upload",opal,Opal 2.5mm,34,Earrings,Gemnel
B-R5115925 Sterling Silver,B-R5115,"925 Sterling Silver * Flower diameter: approximately 5.2mm Length:16cm+4cm 14k gold 1 micron",925 Sterling Silver,14k gold 1 micron,"925 Sterling Silver, Nov3Upload",Zircon (#05 Golden yellow) (#21 White),"* Flower diameter: approximately 5.2mm Length:16cm+4cm",35,Bracelet,Gemnel
E-H1170925 Sterling Silver,E-H1170,925 Sterling Silver Inner Diameter 6.5mm 14k gold 1 micron,925 Sterling Silver,14k gold 1 micron,"925 Sterling Silver, Nov3Upload",opal zircon,Inner Diameter 6.5mm,35,Ring,Gemnel
E-S1032925 Sterling Silver,E-S1032,925 Sterling Silver 3mm White Opal and 4.2mm Width 14k gold 1 micron,925 Sterling Silver,14k gold 1 micron,"925 Sterling Silver, Nov3Upload",opal zircon,3mm White Opal and 4.2mm Width,24,Earrings,Gemnel
N-E3257925 Sterling Silver,N-E3257,925 Sterling Silver Opal:3mm Chain: 40+5cm 14k gold 1 micron,925 Sterling Silver,14k gold 1 micron,"925 Sterling Silver, Nov3Upload",opal,Opal:3mm Chain: 40+5cm,42,Necklace,Gemnel
E-S1055925 Sterling Silver,E-S1055,925 Sterling Silver / 14k gold 1 micron,925 Sterling Silver,14k gold 1 micron,"925 Sterling Silver, Nov3Upload",opal,/,24,Earrings,Gemnel
R-F1069925 Sterling Silver,R-F1069,"925 Sterling Silver 2mm Opal size5/6/7 15pcs for each size 14k gold 1 micron",925 Sterling Silver,14k gold 1 micron,"925 Sterling Silver, Nov3Upload",opal zircon,"2mm Opal size5/6/7 15pcs for each size",28,Ring,Gemnel
"E-S1346/E-S1345925 Sterling Silver","E-S1346/E-S1345",925 Sterling Silver Star 9.5mm 14k gold 1 micron,925 Sterling Silver,14k gold 1 micron,"925 Sterling Silver, Nov3Upload",opal zircon,Star 9.5mm,28,Earrings,Gemnel
N-C1045925 Sterling Silver,N-C1045,925 Sterling Silver chain width: 3.2mm necklace length: 40cm+5cm 14k gold 1 micron,925 Sterling Silver,14k gold 1 micron,"925 Sterling Silver, Nov3Upload",/,chain width: 3.2mm necklace length: 40cm+5cm,42,Necklace,Gemnel
N-E3198925 Sterling Silver,N-E3198,"925 Sterling Silver Pendant:9.5mm, stone dia:1.5mm Chain Length: 40+5 cm 14k gold 1 micron",925 Sterling Silver,14k gold 1 micron,"925 Sterling Silver, Nov3Upload",White Zircon,"Pendant:9.5mm, stone dia:1.5mm Chain Length: 40+5 cm",36,Bracelet,Gemnel
R-F1314925 Sterling Silver,R-F1314,925 Sterling Silver Band 1.2mm size5/6/7 15pcs for each size 14k gold 1 micron,925 Sterling Silver,14k gold 1 micron,"925 Sterling Silver, Nov3Upload",opal zircon,Band 1.2mm size5/6/7 15pcs for each size,28,Ring,Gemnel
B-R5096925 Sterling Silver,B-R5096,925 Sterling Silver chain width: 3.2mm bracelet length:16cm+4cm 14k gold 1 micron,925 Sterling Silver,14k gold 1 micron,"925 Sterling Silver, Nov3Upload",White Zircon,chain width: 3.2mm bracelet length:16cm+4cm,38,Bracelet,Gemnel
N-E0096925 Sterling Silver,N-E0096,925 Sterling Silver Pendant 13mm Length: 40cm+5cm 14k gold 1 micron,925 Sterling Silver,14k gold 1 micron,"925 Sterling Silver, Nov3Upload",opal,Pendant 13mm Length: 40cm+5cm,39,Necklace,Gemnel
N-E2734925 Sterling Silver,N-E2734,"925 Sterling Silver 9mm*20mm Chain Length: 40+5 cm 14k gold 1 micron",925 Sterling Silver,14k gold 1 micron,"925 Sterling Silver, Nov3Upload",White Zircon,"9mm*20mm Chain Length: 40+5 cm",49,Necklace,Gemnel
E-H3214925 Sterling Silver,E-H3214,925 Sterling Silver Hoop dia:10mm 14k gold 1 micron,925 Sterling Silver,14k gold 1 micron,"925 Sterling Silver, Nov3Upload",opal,Hoop dia:10mm,36,Ring,Gemnel
E-S1966925 Sterling Silver,E-S1966,925 Sterling Silver Inner Diameter 9mm and Butterfly 11mm 14k gold 1 micron,925 Sterling Silver,14k gold 1 micron,"925 Sterling Silver, Nov3Upload",White Zircon,Inner Diameter 9mm and Butterfly 11mm,29,Earrings,Gemnel
E-S1114925 Sterling Silver,E-S1114,925 Sterling Silver / 14k gold 1 micron,925 Sterling Silver,14k gold 1 micron,"925 Sterling Silver, Nov3Upload",opal,/,28,Earrings,Gemnel
E-H1067925 Sterling Silver,E-H1067,925 Sterling Silver Outside diameter 10.5mm 14k gold 1 micron,925 Sterling Silver,14k gold 1 micron,"925 Sterling Silver, Nov3Upload",opal zircon,Outside diameter 10.5mm,48,Earrings,Gemnel
B-R5089925 Sterling Silver,B-R5089,"925 Sterling Silver Measurements: 12.7 x 6.5 mm Length: 16cm+4cm 14k gold 1 micron",925 Sterling Silver,14k gold 1 micron,"925 Sterling Silver, Nov3Upload",White Zircon,"Measurements: 12.7 x 6.5 mm Length: 16cm+4cm",34,Bracelet,Gemnel
N-E5177925 Sterling Silver,N-E5177,925 Sterling Silver Pendant：10mm x 10mm Chain Length: 40+5 cm 14k gold 1 micron,925 Sterling Silver,14k gold 1 micron,"925 Sterling Silver, Nov3Upload",White Zircon,Pendant：10mm x 10mm Chain Length: 40+5 cm,38,Necklace,Gemnel
E-S2611925 Sterling Silver,E-S2611,925 Sterling Silver 12mm high 4.8mm wide stone 3mm * 5mm 14k gold 1 micron,925 Sterling Silver,14k gold 1 micron,"925 Sterling Silver, Nov3Upload",zircon,12mm high 4.8mm wide stone 3mm * 5mm,31,Earrings,Gemnel
"N-E1553925 Sterling Silver","N-E1553",925 Sterling Silver Padlock 16*9mm Chain Length: 40+5 cm 14k gold 1 micron,925 Sterling Silver,14k gold 1 micron,"925 Sterling Silver, Nov3Upload",White Zircon,Padlock 16*9mm Chain Length: 40+5 cm,38,Necklace,Gemnel
B-R0054925 Sterling Silver,B-R0054,925 Sterling Silver Pendant diameter: 12 mm Length: 16cm+4cm 14k gold 1 micron,925 Sterling Silver,14k gold 1 micron,"925 Sterling Silver, Nov3Upload",/,Pendant diameter: 12 mm Length: 16cm+4cm,42,Bracelet,Gemnel
E-H1073925 Sterling Silver,E-H1073,925 Sterling Silver 2mm Opal and Inner Diameter 8mm 14k gold 1 micron,925 Sterling Silver,14k gold 1 micron,"925 Sterling Silver, Nov3Upload",opal,2mm Opal and Inner Diameter 8mm,49,Earrings,Gemnel
N-E4191925 Sterling Silver,N-E4191,"925 Sterling Silver Opal 2mm / Zircon 1.3mm &1.5mm Chain: 40+5cm 14k gold 1 micron",925 Sterling Silver,14k gold 1 micron,"925 Sterling Silver, Nov3Upload",opal zircon,"Opal 2mm / Zircon 1.3mm &1.5mm Chain: 40+5cm",38,Necklace,Gemnel
E-S0194-1925 Sterling Silver,E-S0194-1,925 Sterling Silver 3/8 in diameter 14k gold 1 micron,925 Sterling Silver,14k gold 1 micron,"925 Sterling Silver, Nov3Upload",opal,3/8 in diameter,24,Earrings,Gemnel
R-F1099925 Sterling Silver,R-F1099,"925 Sterling Silver Band 1.4mm size5/6/7 15pcs for each size 14k gold 1 micron",925 Sterling Silver,14k gold 1 micron,"925 Sterling Silver, Nov3Upload",opal zircon,"Band 1.4mm size5/6/7 15pcs for each size",28,Ring,Gemnel
E-H1169925 Sterling Silver,E-H1169,925 Sterling Silver Inner diameter 7.5mm 14k gold 1 micron,925 Sterling Silver,14k gold 1 micron,"925 Sterling Silver, Nov3Upload",opal,Inner diameter 7.5mm,38,Ring,Gemnel
E-S1013925 Sterling Silver,E-S1013,925 Sterling Silver 5.5mm 14k gold 1 micron,925 Sterling Silver,14k gold 1 micron,"925 Sterling Silver, Nov3Upload",opal,5.5mm,32,Earrings,Gemnel
R-F11084925 Sterling Silver,R-F11084,"925 Sterling Silver Band 1.2mm size5/6/7 15pcs for each size 14k gold 1 micron",925 Sterling Silver,14k gold 1 micron,"925 Sterling Silver, Nov3Upload",opal zircon,"Band 1.2mm size5/6/7 15pcs for each size",34,Ring,Gemnel
E-S1120925 Sterling Silver,E-S1120,925 Sterling Silver 2.5mm Opal and 2.0mm CZ 14k gold 1 micron,925 Sterling Silver,14k gold 1 micron,"925 Sterling Silver, Nov3Upload",opal zircon,2.5mm Opal and 2.0mm CZ,28,Earrings,Gemnel
E-ST4064925 Sterling Silver,E-ST4064,925 Sterling Silver / 14k gold 1 micron,925 Sterling Silver,14k gold 1 micron,"925 Sterling Silver, Nov3Upload",opal,/,28,Earrings,Gemnel
R-E3051925 Sterling Silver,R-E3051,925 Sterling Silver size5/6/7 15pcs for each size 14k gold 1 micron,925 Sterling Silver,14k gold 1 micron,"925 Sterling Silver, Nov3Upload",opal zircon,size5/6/7 15pcs for each size,28,Ring,Gemnel
E-S1487925 Sterling Silver,E-S1487,925 Sterling Silver 15mm 14k gold 1 micron,925 Sterling Silver,14k gold 1 micron,"925 Sterling Silver, Nov3Upload",opal zircon,15mm,32,Earrings,Gemnel
E-S4001925 Sterling Silver,E-S4001,"925 Sterling Silver Opal:4mm Zircon:2.5mm 15pairs for each color 14k gold 1 micron",925 Sterling Silver,14k gold 1 micron,"925 Sterling Silver, Nov3Upload",opal zircon,"Opal:4mm Zircon:2.5mm 15pairs for each color",24,Earrings,Gemnel
B-R3031925 Sterling Silver,B-R3031,925 Sterling Silver Stone part:16mm Length:16cm+4cm 14k gold 1 micron,925 Sterling Silver,14k gold 1 micron,"925 Sterling Silver, Nov3Upload",White Zircon,Stone part:16mm Length:16cm+4cm,35,Bracelet,Gemnel
E-H11155-1925 Sterling Silver,E-H11155-1,925 Sterling Silver Inner Dia:8mm 14k gold 1 micron,925 Sterling Silver,14k gold 1 micron,"925 Sterling Silver, Nov3Upload",Turquoise,Inner Dia:8mm,32,Ring,Gemnel
E-ST1166925 Sterling Silver,E-ST1166,925 Sterling Silver Baguette 2*4mm 14k gold 1 micron,925 Sterling Silver,14k gold 1 micron,"925 Sterling Silver, Nov3Upload",Zircon (#5 Ruby),Baguette 2*4mm,24,Earrings,Gemnel
E-ST1166925 Sterling Silver,E-ST1166,925 Sterling Silver Baguette 2*4mm 14k gold 1 micron,925 Sterling Silver,14k gold 1 micron,"925 Sterling Silver, Nov3Upload",Turquoise,Baguette 2*4mm,22,Earrings,Gemnel
N-E5271925 Sterling Silver,N-E5271,925 Sterling Silver Length: 40cm+5cm 14k gold 1 micron,925 Sterling Silver,14k gold 1 micron,"925 Sterling Silver, Nov3Upload",/,Length: 40cm+5cm,34,Necklace,Gemnel
R-F3243925 Sterling Silver,R-F3243,925 Sterling Silver / 14k gold 1 micron,925 Sterling Silver,14k gold 1 micron,"925 Sterling Silver, Nov3Upload",/,/,28,Bracelet,Gemnel
B-R0054925 Sterling Silver,B-R0054,925 Sterling Silver Pendant diameter: 12 mm Length: 16cm+4cm 14k gold 1 micron,925 Sterling Silver,14k gold 1 micron,"925 Sterling Silver, Nov3Upload",/,Pendant diameter: 12 mm Length: 16cm+4cm,38,Bracelet,Gemnel
E-H3121925 Sterling Silver,E-H3121,925 Sterling Silver Size:8*13mm 14k gold 1 micron,925 Sterling Silver,14k gold 1 micron,"925 Sterling Silver, Nov3Upload",/,Size:8*13mm,32,Earrings,Gemnel
E-H3126925 Sterling Silver,E-H3126,925 Sterling Silver Dia:15mm 14k gold 1 micron,925 Sterling Silver,14k gold 1 micron,"925 Sterling Silver, Nov3Upload",/,Dia:15mm,36,Earrings,Gemnel
N-E1095-2925 Sterling Silver,N-E1095-2,925 Sterling Silver Pendant 16*17mm and Chain is 40+5cm 14k gold 1 micron,925 Sterling Silver,14k gold 1 micron,"925 Sterling Silver, Nov3Upload",/,Pendant 16*17mm and Chain is 40+5cm,42,Necklace,Gemnel
N-E1095-2925 Sterling Silver,N-E1095-2,925 Sterling Silver Pendant 16*17mm and Chain is 40+5cm 14k gold 1 micron,925 Sterling Silver,14k gold 1 micron,"925 Sterling Silver, Nov3Upload",/,Pendant 16*17mm and Chain is 40+5cm,39,Necklace,Gemnel
N-E4027925 Sterling Silver,N-E4027,925 Sterling Silver Chain Length: 40+5 cm 14k gold 1 micron,925 Sterling Silver,14k gold 1 micron,"925 Sterling Silver, Nov3Upload",Turquoise,Chain Length: 40+5 cm,34,Necklace,Gemnel
N-E5093925 Sterling Silver,N-E5093,925 Sterling Silver Chain Length: 40+5 cm 14k gold 1 micron,925 Sterling Silver,14k gold 1 micron,"925 Sterling Silver, Nov3Upload",White Zircon,Chain Length: 40+5 cm,45,Necklace,Gemnel
N-E5229925 Sterling Silver,N-E5229,"925 Sterling Silver Measurements: 12.7 x 6.5 mm Chain Length: 40+5 cm 14k gold 1 micron",925 Sterling Silver,14k gold 1 micron,"925 Sterling Silver, Nov3Upload",/,"Measurements: 12.7 x 6.5 mm Chain Length: 40+5 cm",34,Necklace,Gemnel
R-F0144925 Sterling Silver,R-F0144,"925 Sterling Silver Signet 14mm*3mm 14k gold 1 micron",925 Sterling Silver,14k gold 1 micron,"925 Sterling Silver, Nov3Upload",/,"Signet 14mm*3mm",36,Ring,Gemnel
R-F1083925 Sterling Silver,R-F1083,"925 Sterling Silver Band 2.4-6.6mm 14k gold 1 micron",925 Sterling Silver,14k gold 1 micron,"925 Sterling Silver, Nov3Upload",/,"Band 2.4-6.6mm",38,Ring,Gemnel
R-F3177925 Sterling Silver,R-F3177,925 Sterling Silver / 14k gold 1 micron,925 Sterling Silver,14k gold 1 micron,"925 Sterling Silver, Nov3Upload",/,/,28,Ring,Gemnel
E-H4089-1925 Sterling Silver,E-H4089-1,925 Sterling Silver OD: 2.54cm 14k gold 1 micron,925 Sterling Silver,14k gold 1 micron,"925 Sterling Silver, Nov3Upload",/,OD: 2.54cm,36,Earrings,Gemnel
E-H3090925 Sterling Silver,E-H3090,"925 Sterling Silver Inner Dia:8mm, Band:1.2mm 14k gold 1 micron",925 Sterling Silver,14k gold 1 micron,"925 Sterling Silver, Nov3Upload",opal,"Inner Dia:8mm, Band:1.2mm",34,Earrings,Gemnel
E-H1362925 Sterling Silver,E-H1362,925 Sterling Silver Diameter 8mm 14k gold 1 micron,925 Sterling Silver,14k gold 1 micron,"925 Sterling Silver, Nov3Upload",opal zircon,Diameter 8mm,34,Earrings,Gemnel
E-H1359925 Sterling Silver,E-H1359,925 Sterling Silver / 14k gold 1 micron,925 Sterling Silver,14k gold 1 micron,"925 Sterling Silver, Nov3Upload",opal,/,36,Earrings,Gemnel
"E-S1030-2925 Sterling Silver","E-S1030-2",925 Sterling Silver 3mm Opal 14k gold 1 micron,925 Sterling Silver,14k gold 1 micron,"925 Sterling Silver, Nov3Upload",opal zircon,3mm Opal,29,Earrings,Gemnel
E-S0146925 Sterling Silver,E-S0146,925 Sterling Silver / 14k gold 1 micron,925 Sterling Silver,14k gold 1 micron,"925 Sterling Silver, Nov3Upload",opal,/,28,Earrings,Gemnel
B-R4026925 Sterling Silver,B-R4026,"925 Sterling Silver Fixed pendant approx. 7mm in width Length: 16cm+4cm 14k gold 1 micron",925 Sterling Silver,14k gold 1 micron,"925 Sterling Silver, Nov3Upload",opal zircon,"Fixed pendant approx. 7mm in width Length: 16cm+4cm",32,Bracelet,Gemnel
B-R0040-2925 Sterling Silver,B-R0040-2,925 Sterling Silver 16cm+4cm 14k gold 1 micron,925 Sterling Silver,14k gold 1 micron,"925 Sterling Silver, Nov3Upload",opal zircon,16cm+4cm,35,Bracelet,Gemnel
N-E1021925 Sterling Silver,N-E1021,925 Sterling Silver Length: 40cm+5cm 14k gold 1 micron,925 Sterling Silver,14k gold 1 micron,"925 Sterling Silver, Nov3Upload",opal zircon,Length: 40cm+5cm,45,Necklace,Gemnel
E-S4001925 Sterling Silver,E-S4001,"925 Sterling Silver Opal:4mm Zircon:2.5mm 15pairs for each color 14k gold 1 micron",925 Sterling Silver,14k gold 1 micron,"925 Sterling Silver, Nov3Upload",opal zircon,"Opal:4mm Zircon:2.5mm 15pairs for each color",26,Earrings,Gemnel
R-F1316-2925 Sterling Silver,R-F1316-2,925 Sterling Silver 3mm Opal size5/6/7 15pcs for each size 14k gold 1 micron,925 Sterling Silver,14k gold 1 micron,"925 Sterling Silver, Nov3Upload",opal zircon,3mm Opal size5/6/7 15pcs for each size,28,Ring,Gemnel
N-E3001-2 Brass,N-E3001-2 ,Brass Pearl 18mm x 14mm Length: 43cm 14k gold 1 micron,Brass,14k gold 1 micron,"Brass, Nov3Upload",freshwater pearl,Pearl 18mm x 14mm Length: 43cm,34,Necklace,Gemnel
N-C11031 Brass,N-C11031 ,Brass Pearl 18mm x 14mm Length: 43cm 14k gold 1 micron,Brass,14k gold 1 micron,"Brass, Nov3Upload",freshwater pearl,Pearl 18mm x 14mm Length: 43cm,38,Necklace,Gemnel
R-F11007 stainless steel,R-F11007 ,"stainless steel  Band 1.2mm                   size5/6/7                               15pcs for each size 14k gold                 1 micron                  ",stainless steel,14k gold                 1 micron                  ,"stainless steel, Nov3Upload",opal                    zircon," Band 1.2mm                   size5/6/7                               15pcs for each size",28,Ring,Gemnel
